elapsed_wall_seconds,x,y,z,roll,pitch,yaw,cmd_vel_publishers,joint_state_messages,rgb_messages
5.002566,3.1000000125356744,4.402110733516117,0.3750005806479028,-5.914357458737686e-08,1.6049046308037655e-09,1.5707963222813335,0,0,0
6.002331,3.1000000125356744,4.402110733516117,0.3750005806479028,-5.914357458737686e-08,1.6049046308037655e-09,1.5707963222813335,0,0,0
7.002929,3.1000000170811908,4.406369945278292,0.37493804556120197,-7.888957840346181e-08,8.91687353344948e-09,1.5707963189827434,0,0,0
8.002369,3.1000001623670252,4.578543329947107,0.280271488054795,6.791706571835637e-08,0.00020397380442862227,1.570796309594323,0,0,4
9.002441,3.1000001657889156,4.578543620895212,0.2812591584403829,7.82864658123716e-08,0.00020485466656922774,1.570796309599177,0,0,14
10.002329,3.1000001691553907,4.578543907132358,0.2822308341634009,8.848797156494876e-08,0.00020572126545402485,1.5707963096039628,0,0,24
11.002426,3.100000172494158,4.578544191013881,0.2831945125549183,9.86055448526309e-08,0.00020658073352083665,1.5707963096087079,0,0,33
12.002481,3.1000001759229754,4.578544482552594,0.2841841822718866,1.0899603040965383e-07,0.00020746338400623156,1.5707963096135855,0,0,43
13.002347,3.100000179261743,4.578544766435113,0.28514786066250336,1.1911366535957362e-07,0.0002083228554705964,1.5707963096183641,0,0,53
14.002621,3.1000001826559256,4.578545055029861,0.28612753371474997,1.2939925903551505e-07,0.00020919659373965608,1.5707963096232327,0,0,63
15.002417,3.100000185987766,4.578545338324395,0.28708921277171345,1.3949596422241203e-07,0.00021005428543964918,1.5707963096280178,0,0,72
16.002408,3.10000018931268,4.578545621030307,0.28804889249547594,1.4957170852203332e-07,0.00021091019566086514,1.570796309632787,0,0,82
17.002396,3.1000001927207164,4.578545910804504,0.28903256421187556,1.5989937772235122e-07,0.0002117875053628064,1.570796309637682,0,0,91
18.002378,3.1000001960871915,4.578546197045103,0.29000423993127966,1.7010113085409e-07,0.00021265411788061038,1.5707963096425386,0,0,100
19.002518,3.100000199412105,4.578546479752625,0.29096391965370366,1.801769667793267e-07,0.00021351003315116777,1.5707963096473299,0,0,110
20.002824,3.100000202792434,4.578546767172065,0.2919395940377168,1.9042076421638462e-07,0.00021438021538036105,1.570796309652211,0,0,120
21.002477,3.100000206096567,4.578547048113607,0.2928932757609948,2.0043368651907784e-07,0.0002152307845067595,1.5707963096569828,0,0,129
22.002391,3.1000002094422614,4.578547332589142,0.2938589534803474,2.1057258787489025e-07,0.00021609205428862362,1.5707963096617794,0,0,137
23.001773,3.1000002128087365,4.5785476188323315,0.2948306291975071,2.2077449460292097e-07,0.00021695867527115877,1.5707963096666226,0,217,147
24.002353,3.1000002161197964,4.578547900363953,0.29578631025221563,2.308084988697773e-07,0.00021781103255006157,1.570796309671406,0,457,156
25.001511,3.100000219458564,4.578548184252087,0.29674998863748264,2.4092649999506866e-07,0.00021867052419515475,1.5707963096761952,0,700,166
26.000452,3.100000222818112,4.578548469907536,0.29771966502054986,2.511075069374297e-07,0.00021953536706525344,1.570796309681054,0,943,176
27.000739,3.1000002262122948,4.578548758508377,0.2986993380669041,2.613935040054768e-07,0.00022040912756476235,1.5707963096859796,0,1186,185
28.003422,3.1000002295510622,4.578549042397874,0.29966301645082744,2.715115971042924e-07,0.0002212686242769151,1.5707963096908255,0,1427,195
29.002709,3.1000002328898297,4.578549326287721,0.3006266948343071,2.816297206131742e-07,0.0002221281226653461,1.570796309695664,0,1669,205
30.003085,3.10000023631172,4.57854961724601,0.30161436521027574,2.919997791724792e-07,0.00022300902109331368,1.5707963097005908,0,1913,215
31.000375,3.1000002396712683,4.578549902903667,0.30258404159108554,3.021809406138648e-07,0.00022387387247746522,1.5707963097054374,0,2157,224
32.002304,3.1000002430308164,4.5785501885620965,0.30355371797144626,3.123621328614273e-07,0.0002247387255588531,1.5707963097102855,0,2400,234
33.002877,3.0998164496902314,4.555589686902545,0.23989690838774205,-0.0027234298289642114,0.023416455495167937,1.5739194754294545,0,2645,243
34.002862,3.101101509822976,4.557669274457835,0.23903951145485136,0.00014178221950997586,-0.0008953570571396649,1.5755363547447039,0,2894,251
35.00255,3.1011019572328604,4.557653096310421,0.2390429536030509,0.0001432029069241396,-0.0009914937861777943,1.5755383409311985,0,3143,261
36.002334,3.101102424140701,4.557631239295016,0.23899672593923546,0.00014458636899280415,-0.001012308073920221,1.5755403545108957,0,3394,271
37.000982,3.1011016736913386,4.557671573312702,0.23902173959278478,0.00014215379199193585,-0.0009671593949636459,1.575542405172552,0,3643,281
38.002768,3.101101859506998,4.557663004876541,0.2390309500499079,0.00014260157412051265,-0.0010322459938201785,1.575544365374118,0,3892,291
39.003342,3.101103067818029,4.557677483879166,0.23902557328029472,0.0001477986286653877,-0.0010012966008440833,1.5755463213396188,0,4141,301
40.003254,3.101103177420083,4.55768435494346,0.23902433100464088,0.0001482474902674343,-0.0009833324202553786,1.5755482730628332,0,4391,311
41.002546,3.1011037756864748,4.557671579825016,0.23901814960987683,0.0001503529199899551,-0.001015822037948678,1.5755502856224493,0,4641,320
42.002433,3.101104245589865,4.55768745285829,0.23902566969662226,0.00015250985802846322,-0.0009889391092719893,1.57555228348082,0,4890,330
43.001226,3.1011049921691325,4.557663548059244,0.23899523096724704,0.00015502071061394032,-0.001002561288329,1.5755542765580264,0,5139,340
44.001354,3.1011054938573364,4.557689569778999,0.23902624986642423,0.0001574692121342749,-0.000992848919845238,1.575556194751101,0,5389,349
45.000329,3.101105756942543,4.557692522823995,0.2390313236281285,0.00015849731231100202,-0.0009983419351096297,1.5755582083940294,0,5638,359
46.002526,3.1011058562660385,4.557685284034062,0.23903278023525892,0.00015861426131472914,-0.0010252830185765636,1.5755601693212975,0,5886,369
47.002474,3.101106449937946,4.557691408020676,0.2390293124337146,0.0001610605649430491,-0.0010026951356382576,1.5755621483981914,0,6136,379
48.000341,3.1011070079880407,4.557669450404772,0.23901048984579695,0.00016281747754350577,-0.00102940847235476,1.5755641056934302,0,6386,389
49.001876,3.1011071564273265,4.557701614027903,0.23906042502615274,0.00016386873932803587,-0.001034046305282666,1.5755660180517153,0,6636,399
50.002548,3.1011069608916246,4.557702935926347,0.23904844741801845,0.0001629867391943963,-0.0010102967596349146,1.5755680760267796,0,6885,409
51.000522,3.1011069313439577,4.5577148054833865,0.23906975441395195,0.000162959632494063,-0.001019346396061568,1.5755700496167044,0,7135,419
52.002009,3.1011073231646966,4.557683417982962,0.2390114290555731,0.0001638586478900477,-0.000996653400850553,1.575572103862374,0,7385,428
53.002409,3.101107676431511,4.557686866398426,0.2390429699514638,0.00016521223451344862,-0.0010451585391123776,1.5755739962200745,0,7634,436
54.003069,3.1011077486735235,4.557680722401707,0.23902506960510114,0.00016520624299307427,-0.001023797369638524,1.5755759628420818,0,7884,443
55.000626,3.1011077102370557,4.557680096350114,0.23902844945949447,0.00016483982845733866,-0.0010308764997267344,1.5755778724494773,0,8134,452
56.002569,3.1011076225513876,4.5576777941789475,0.23902300500628867,0.00016422769032929264,-0.0010264947207679692,1.5755798017633658,0,8384,462
57.001707,3.101107438651842,4.5576944106846495,0.23903560198068943,0.00016360700895883586,-0.001004434835463528,1.5755817143592288,0,8634,472
58.002762,3.1011076049254305,4.557689697059385,0.23902648650729924,0.0001640334484337266,-0.0010032608504333949,1.5755836751736132,0,8883,481
59.00244,3.1011076355113554,4.557683954493401,0.23902318183672053,0.00016386361609798303,-0.0010146501685889264,1.575585612711758,0,9133,491
60.002478,3.101107664013063,4.557698647498227,0.23903732912319717,0.0001640901959817054,-0.00100111948654916,1.5755875291933705,0,9383,501
61.001255,3.101107001960207,4.557705570018758,0.2390392138037014,0.000161374507166364,-0.000986404996218647,1.5755896049937266,0,9633,511
62.002604,3.1011065589288584,4.557698122846001,0.2390377800452367,0.00015924474904757796,-0.0010062969179196594,1.575591592575855,0,9883,521
63.002763,3.101106147565756,4.557708565463764,0.23904312299588112,0.00015756760463679726,-0.0009905446352860465,1.5755935615846506,0,10133,530
64.002421,3.1011060605815493,4.557688944139708,0.23902034077656278,0.0001566625272689212,-0.001003587527619166,1.5755955218458693,0,10382,540
65.001406,3.1011056882723516,4.557696294262706,0.23903667074326834,0.0001550626054700173,-0.001014503518810557,1.5755974080388058,0,10631,550
66.002707,3.1011053385417022,4.557710152527995,0.23904174205062842,0.00015368946026226505,-0.0009861109599478602,1.5755993536237598,0,10880,560
67.002375,3.1011051918519956,4.557711089095653,0.23904073927037173,0.0001529072316463133,-0.000981907121764895,1.5756012538123814,0,11130,570
68.002447,3.101105035280803,4.557713025025749,0.23904434397492214,0.0001520996880249934,-0.0009834999591283385,1.5756031867396734,0,11380,580
69.00071,3.101104810993298,4.557713092739697,0.23904505282281713,0.0001509866090814535,-0.0009837414640041806,1.575605100335726,0,11630,590
70.00168,3.1011046663190087,4.557711706047256,0.23905859036580165,0.00015012125992696428,-0.0010152629522372284,1.5756069733409521,0,11879,600
71.002657,3.1011049433946476,4.557686829206393,0.23901011575482695,0.00015059713515262345,-0.0009920592583357187,1.5756088511414736,0,12128,609
72.002398,3.1011053854101416,4.55770519363678,0.23905656548257295,0.0001524479620771473,-0.0010161773119851357,1.575610615660112,0,12378,618
73.002036,3.101104699343798,4.55771425864811,0.2390493628567681,0.00014960955920785375,-0.0009817236203897312,1.5756125481891896,0,12627,627
74.001929,3.101103887195328,4.557715007442803,0.2390485687324569,0.00014615684900652355,-0.0009780761030829268,1.575614639594932,0,12877,637
75.001251,3.1011043686486253,4.5577064412983965,0.23906299068210118,0.00014771407636620399,-0.001017296384381203,1.5756164598927507,0,13125,647
75.001344,3.1011043686486253,4.5577064412983965,0.23906299068210118,0.00014771407636620399,-0.001017296384381203,1.5756164598927507,0,13125,647
